Frequency (Hz),Magnitude (Ohm),Phase (Degrees)
50,39423.35824135222,-36.885946407958684
150,2782.8643691857224,35.1271402439952
250,690.1871188851359,1.7565187081234315
350,556.3215385895642,13.996905258380425
450,654.4490037419988,10.207042964999895
550,611.0808663319724,0.8342462942599462
650,621.6840709424248,6.883785665274346
750,639.7993259136807,2.797929090740669
850,623.7746213682348,1.3611453232047785
950,614.4886107190941,1.1164527673240379
1050,637.7749102084812,-0.9140379316616651
