Frequency (Hz),Magnitude (Ohm),Phase (Degrees)
50,37711.6639406736,138.45932395210255
150,932.5607319250181,35.263870678017405
250,675.4869685909075,1.9491160055664403
350,593.4554781550959,10.11307463864373
450,658.6619945240595,8.318112984310762
550,611.7360628456498,4.053946104600435
650,609.7003940163482,3.652477653802471
750,628.7333945247645,1.4762366404516856
850,619.7043779619592,1.6426535198838588
950,632.1964535273185,0.8974497127251765
1050,623.2839823882676,0.9151880783739064
