Frequency (Hz),Magnitude (Ohm),Phase (Degrees)
50,32110.135838500682,-82.48841274107313
150,539.5805526217634,42.91269130606147
250,655.9507509238559,5.279347269157525
350,558.5020777509993,12.389409566838928
450,639.4891836093767,7.9810546600096215
550,613.7060012515121,5.3319938968826115
650,627.0539613156168,3.7784826590656495
750,616.1528760039158,2.964237524898164
850,617.8238811363377,0.8706303417672002
950,642.8153549688703,1.9018143210415661
1050,642.9415743311285,-0.3717635333502362
